{"_timestamp":1.7361720907562742e+09,"_runtime":68.3025541,"_step":19,"train_loss":0.12424472719430923,"epoch":0,"_wandb":{"runtime":86},"trainer/global_step":99}